7.011428663578778e-07,0.7798358229572984
2.129714313704817e-06,0.7192975061235414
8.725714400395105e-07,0.7679822500561757
1.1011428716150206e-06,0.755331699512947
2.101142884757878e-06,0.7200371729433235
0.00013998685898268445,0.4889887417611005
2.7257143215379595e-07,0.8303274287860319
9.986857274112982e-06,0.6344122823591988
1.2154285874027757e-06,0.7499513950446709
2.5986857484398697e-05,0.5817594445983189
4.9129714931419116e-05,0.5466780879297252
9.986857274112982e-06,0.6344122823591988
3.129714326847674e-06,0.6981929667413505
7.297142953048165e-07,0.7776745910251507
0.0001548440020350926,0.48343088331778367
8.440000110925716e-07,0.769789111952275
7.582857242517553e-07,0.7755949347565999
1.986857168970123e-06,0.7230993135094854
0.00010455828708848035,0.5050666515520912
2.5011428900150213e-06,0.7104891472485312
8.440000110925716e-07,0.769789111952275
5.011428637293062e-07,0.7979378262688037
6.440000084640001e-07,0.7844305123778773
3.8685714794155106e-07,0.8117863446597722
2.7257143215379595e-07,0.8303274287860319
1.8685714531297961e-07,0.8499817699813251
3.8685714794155106e-07,0.8117863446597722
1.0154285847742044e-06,0.7597424009472507
4.725714347823674e-07,0.801087503550271
2.7257143215379595e-07,0.8303274287860319
1.2440000163497146e-06,0.7486845725700841
4.427257201043952e-05,0.5524127624340492
1.0154285847742044e-06,0.7597424009472507
3.5828571899461234e-07,0.8158700163467038
9.12971440570482e-06,0.6393503021782654
1.1129714431990533e-05,0.6284492430411072
0.00011341543006203137,0.50058650543223
1.3129714458276248e-05,0.6193526305844844
2.684400035280686e-05,0.5799721197882933
9.415428695174207e-06,0.6376546499075937
1.7011428795007349e-06,0.731593686630722
2.5582857479088987e-06,0.709250795118517
5.129714353133389e-06,0.6710553697969639
2.7257143215379595e-07,0.8303274287860319
5.986857221541552e-06,0.6625609966757285
4.272571484725225e-06,0.6811020808019884
1.1297143005619595e-06,0.7539365781429257
1.4154285900313472e-06,0.7416403976357452
1.1297143005619595e-06,0.7539365781429257
1.1297143005619595e-06,0.7539365781429257
3.1415428984317067e-05,0.5713105102695107
6.855828661533749e-05,0.5283203795157749
0.0001614154306928885,0.4811407613971877
4.284400056309258e-05,0.5542196243301487
8.558285826766042e-06,0.6429066554804354
2.2844000300235433e-05,0.5888586963495329
0.000651701151422358,0.404240243449933
2.5582857479088987e-06,0.709250795118517
4.284400056309258e-05,0.5542196243301487
0.00014284400187737832,0.48787548469206576
4.272571484725225e-06,0.6811020808019884
0.00014284400187737832,0.48787548469206576
8.558285826766042e-06,0.6429066554804354
1.4272571616153799e-05,0.6147579411639055
1.986857168970123e-06,0.7230993135094854
8.114285820930614e-08,0.8914195628512732
1.8558285958194614e-05,0.6003005287245773
3.9868571952558376e-06,0.6849038881879325
6.558285800480328e-06,0.6575480559060375
7.129714379419104e-06,0.6529533664854584
0.0057142726465304414,0.2846021775771198
0.00037141543345288854,0.43522264693118456
0.0017999868807998276,0.34825776689829224
0.0007714154387100315,0.3949475653410807
0.000314272575559011,0.444428053797671
7.072571521525227e-06,0.6533959740915152
4.570114345778646e-05,0.5506632710279786
1.4272571616153799e-05,0.6147579411639055
1.6725714505537964e-06,0.732519831972618
1.5868571637129798e-06,0.7353954940166659
2.2725714584395106e-06,0.7157411528213727
1.2971428741910208e-07,0.8685228541075849
3.427257187901094e-05,0.5665158048373279
2.615428605802776e-06,0.70803966173477
1.5158285913508902e-05,0.6114431983051031
1.9011428821293064e-06,0.7255130285898602
0.00016055828782448033,0.4814341304168036
5.729714361019103e-06,0.6649747117561033
8.501142968872166e-06,0.6432752478292977
7.986857247827267e-06,0.6467084628663793
4.71297149051334e-05,0.5489676187573069
3.504400046057829e-05,0.5652896994793842
1.4725714479252249e-06,0.7394791657035977
1.5301143058243594e-05,0.6109267526252011
3.198685756325584e-05,0.5703176122232733
6.712971516799054e-05,0.5294805139595596
8.38685725308441e-06,0.6440199125494689
8.758285829394614e-06,0.6416356585919449
0.00010998685858839872,0.5022778203145186
3.2725714715823684e-06,0.6957434812275906
1.218685730302727e-05,0.6234547349026957
1.3297143031905308e-06,0.7450500015816862
8.186857250455838e-06,0.6453477924825983
1.2644000166178287e-05,0.6214276796584584
3.844000050521144e-06,0.6869079036063132
8.440000110925716e-07,0.769789111952275
0.00942855840963248,0.25700728049207444
7.986857247827267e-06,0.6467084628663793
6.72571437410939e-07,0.7820852924594545
3.8685714794155106e-07,0.8117863446597722
0.00024284400319166404,0.4586355594563049
1.1297143005619595e-06,0.7539365781429257
0.001599986878171256,0.35474812460114685
2.027257169501094e-05,0.5954352219365533
9.958285845166042e-06,0.6345699487062362
0.0024571297465794196,0.3311086003075987
4.8440000636640014e-06,0.6742050470784314
4.4400000583542867e-07,0.8044281839716582
8.440000110925716e-07,0.769789111952275
2.1542857425991842e-07,0.8426236092932124
5.141542924717422e-05,0.5441729133251242
0.0007999868676569703,0.3929435499226998
2.1542857425991842e-07,0.8426236092932124
8.84400011623543e-06,0.6410997935843359
0.00031141543266431713,0.4449312933746685
2.027257169501094e-05,0.5954352219365533
5.582857216231837e-07,0.7921320034644789
3.3868571873701233e-06,0.6938593882737247
0.0003428440045059498,0.4396333483654881
9.986857274112982e-06,0.6344122823591988
4.4400000583542867e-07,0.8044281839716582
7.701142958357879e-06,0.6487124782847602
1.3986857326684411e-05,0.6158711982329402
1.5297143058191023e-06,0.7373995094350467
1.5011428768721634e-06,0.7384295272878058
2.7257143215379595e-07,0.8303274287860319
8.440000110925716e-07,0.769789111952275
1.9011428821293064e-06,0.7255130285898602
1.7582857373946125e-06,0.7297868247346225
1.3257143031379596e-07,0.8674316431883528
0.0017142725939590113,0.35094631721520275
8.272571537296654e-06,0.6447747784731115
1.5986857352970125e-05,0.6085130375448263
7.129714379419104e-06,0.6529533664854584
0.0017142725939590113,0.35094631721520275
5.415428642602777e-06,0.6680760306749262
1.3129714458276248e-05,0.6193526305844844
2.8440000373782864e-06,0.7034449723141921
5.998685793125585e-05,0.5356785402038888
1.2971428741910208e-07,0.8685228541075849
0.0045714154886528895,0.29689835808429915
0.0015142725913304398,0.3577821578722865
9.14154297728885e-05,0.5124678457064257
8.141542964145993e-05,0.5188506826908825
1.2558285879337471e-05,0.6218021160982444
1.0844000142521145e-05,0.6298806053533731
2.684400035280686e-05,0.5799721197882933
1.1129714431990533e-05,0.6284492430411072
3.5828571899461234e-07,0.8158700163467038
9.701142984643595e-06,0.6360096217568771
1.5215428771402778e-05,0.6112360388479768
1.5011428768721634e-06,0.7384295272878058
8.84400011623543e-06,0.6410997935843359
1.1729714439876248e-05,0.6255592140694068
9.582857268803267e-07,0.7628920782287167
0.00048570114924064366,0.42044013413475195
6.586857229427267e-06,0.6573089911028883
1.3297143031905308e-06,0.7450500015816862
1.0844000142521145e-05,0.6298806053533731
1.8844000247664002e-05,0.5994592245860406
1.0725714426680818e-06,0.7567630618252128
3.297142900476735e-07,0.8202807177810074
0.00048570114924064366,0.42044013413475195
8.84400011623543e-06,0.6410997935843359
1.1129714431990533e-05,0.6284492430411072
3.297142900476735e-07,0.8202807177810074
1.0725714426680818e-06,0.7567630618252128
0.00015855828779819464,0.4821247938089932
0.0007794154388151744,0.3943790555749953
0.0004428440058202355,0.4255303059622095
0.0010491297280742764,0.37800382061250043
5.415428642602777e-06,0.6680760306749262
0.00035798686184782734,0.4372517868687273
0.0009142725834447254,0.3855853892345859
1.65582859319089e-05,0.6065793531515584
0.0004285582913467661,0.42733716785830894
6.844000089949716e-06,0.6552028359876146
7.986857247827267e-06,0.6467084628663793
0.00035998686187411306,0.43694479804857905
0.0008431297253668479,0.39004921160302897
0.0001571297163508477,0.4826234791192253
8.84400011623543e-06,0.6410997935843359
1.9415428826602777e-05,0.597814196435324
5.141542924717422e-05,0.5441729133251242
0.00048570114924064366,0.42044013413475195
0.00014284400187737832,0.48787548469206576
0.00041141543397860283,0.429586637360465
6.712971516799054e-05,0.5294805139595596
0.0017142725939590113,0.35094631721520275
0.0002971297181908477,0.44751882743836513
0.0010179868705221132,0.37966431231058695
0.0001517011448509293,0.4845607418332633
3.9868571952558376e-06,0.6849038881879325
0.00040427257674186814,0.4305517119520873
0.00013998685898268445,0.4889887417611005
1.9415428826602777e-05,0.597814196435324
2.027257169501094e-05,0.5954352219365533
0.00011798685869354157,0.4984092602242318
1.3986857326684411e-05,0.6158711982329402
1.65582859319089e-05,0.6065793531515584
4.2558286273623196e-05,0.5545882166790123
2.5415428905459922e-05,0.5829840361212697
5.1129714957704826e-05,0.5444799021452738
3.129714326847674e-06,0.6981929667413505
3.1129714694847675e-05,0.5718137498465082
0.00015741543064031708,0.482523380362007
2.9986857536970128e-05,0.5738739655254419
0.00018627257387672524,0.4732487807195969
0.0002999868610855416,0.4469915090536022
0.0002654154320597457,0.45373830414749755
2.1542857425991842e-07,0.8426236092932124
6.72571437410939e-07,0.7820852924594545
2.1542857425991842e-07,0.8426236092932124
3.8685714794155106e-07,0.8117863446597722
5.925714363595104e-07,0.7889211331165393
3.954285766256327e-07,0.8106180107738633
1.2971428741910208e-07,0.8685228541075849
1.284400016880686e-05,0.6205637639682315
1.0844000142521145e-05,0.6298806053533731
1.7542857373420412e-07,0.8532241375297202
3.9868571952558376e-06,0.6849038881879325
3.8685714794155106e-07,0.8117863446597722
2.6400000346971433e-07,0.8320058636371923
2.3257143162808165e-07,0.8386384261949577
7.440000097782859e-07,0.7766249526093587
7.697142958305308e-07,0.7747845620534504
1.1828571584032657e-07,0.8731175435281638
2.0971428847053065e-07,0.8440187306632335
2.1542857425991842e-07,0.8426236092932124
3.840000050468572e-07,0.8121813596179636
8.58285725566041e-07,0.7688782755007939
1.1125714431937963e-06,0.7547694053411039
6.400000084114288e-08,0.9024773912284397
4.1542857688848984e-07,0.8079845372738281
2.4400000320685717e-07,0.8361332515903567
3.5828571899461234e-07,0.8158700163467038
4.782857205717552e-07,0.8004430008734047
4.118285768411756e-06,0.683122425854715
6.01142865043592e-07,0.7881468203662242
4.9714286367673474e-08,0.9137624543634769
1.0097142989848167e-06,0.7600493897674002
1.0971428715624492e-07,0.8768338515165107
6.685714373583676e-08,0.9004733758100589
2.95428575311347e-07,0.8260865405853335
3.5828571899461234e-07,0.8158700163467038
2.4400000320685717e-07,0.8361332515903567
7.011428663578778e-07,0.7798358229572984
4.1542857688848984e-07,0.8079845372738281
7.25714295252245e-08,0.8966715684241148
1.8685714531297961e-07,0.8499817699813251
1.1129714431990533e-05,0.6284492430411072
3.70114290578645e-06,0.688987559874864
6.72571437410939e-07,0.7820852924594545
1.5828571636604084e-07,0.8584761431025617
1.2971428741910208e-07,0.8685228541075849
1.0114285847216329e-07,0.8808190346147654
4.725714347823674e-07,0.801087503550271
3.5828571899461234e-07,0.8158700163467038
1.8685714531297961e-07,0.8499817699813251
7.297142953048165e-07,0.7776745910251507
8.440000110925716e-07,0.769789111952275
2.7257143215379595e-07,0.8303274287860319
1.8685714531297961e-07,0.8499817699813251
2.1542857425991842e-07,0.8426236092932124
2.4400000320685717e-07,0.8361332515903567
3.011428611007348e-07,0.8250754232131902
1.0114285847216329e-07,0.8808190346147654
7.25714295252245e-08,0.8966715684241148
2.7257143215379595e-07,0.8303274287860319
2.4400000320685717e-07,0.8361332515903567
1.8685714531297961e-07,0.8499817699813251
2.0261143123432164e-05,0.5954662753894444
1.2971428741910208e-07,0.8685228541075849
1.8685714531297961e-07,0.8499817699813251
1.8685714531297961e-07,0.8499817699813251
1.2971428741910208e-07,0.8685228541075849
1.8685714531297961e-07,0.8499817699813251
7.011428663578778e-07,0.7798358229572984
1.7868571663415513e-06,0.7289051363138115
2.1542857425991842e-07,0.8426236092932124
3.297142900476735e-07,0.8202807177810074
5.027257208929667e-05,0.5454112654551382
4.1542857688848984e-07,0.8079845372738281
3.415428616317062e-06,0.6933982613091676
0.00013798685895639873,0.48978162379573426
0.0002828440037173783,0.4502338766019971
5.986857221541552e-06,0.6625609966757285
9.570114411492932e-05,0.5099435409677338
1.5828571636604084e-07,0.8584761431025617
1.5828571636604084e-07,0.8584761431025617
2.4400000320685717e-07,0.8361332515903567
1.8685714531297961e-07,0.8499817699813251
3.5828571899461234e-07,0.8158700163467038
1.5828571636604084e-07,0.8584761431025617
1.5828571636604084e-07,0.8584761431025617
1.2971428741910208e-07,0.8685228541075849
2.1542857425991842e-07,0.8426236092932124
7.25714295252245e-08,0.8966715684241148
2.7257143215379595e-07,0.8303274287860319
3.297142900476735e-07,0.8202807177810074
1.0114285847216329e-07,0.8808190346147654
4.558285774194613e-06,0.6775457274998183
5.582857216231837e-07,0.7921320034644789
5.011428637293062e-07,0.7979378262688037
6.154285795170615e-07,0.7868799978916371
2.072571455810939e-06,0.7207869035656534
6.154285795170615e-07,0.7868799978916371
1.2971428741910208e-07,0.8685228541075849
4.725714347823674e-07,0.801087503550271
5.582857216231837e-07,0.7921320034644789
1.1011428716150206e-06,0.755331699512947
4.1542857688848984e-07,0.8079845372738281
5.582857216231837e-07,0.7921320034644789
7.011428663578778e-07,0.7798358229572984
0.0002294154315866028,0.46176998504913347
0.0007622725814470111,0.39560455495001096
0.00015970114495607218,0.48172906966166473
3.255828614219462e-05,0.5693422885196162
0.0004714154347671743,0.42208516228546716
1.929714311076245e-06,0.7246966529071638
3.255828614219462e-05,0.5693422885196162
3.1129714694847675e-05,0.5718137498465082
0.0003291297186114192,0.44188281786764555
0.0003017011468223579,0.4466775232998284
5.9701143641786464e-05,0.535941568630246
0.00017855828806105179,0.4755793041848864
2.941542895803135e-05,0.5749336972374794
1.3986857326684411e-05,0.6158711982329402
7.51297152731334e-05,0.5232774988645016
1.3129714458276248e-05,0.6193526305844844
6.558285800480328e-06,0.6575480559060375
0.0002228440029288069,0.4633713612477144
2.3415428879174208e-05,0.5874980259657505
0.0002577011462440722,0.4553635639210704
0.000672272580264154,0.40252775637162014
0.0006885582947639091,0.40120879859450576
0.0024085583173696235,0.33220878243276014
0.0014285583044896233,0.360993028220226
0.0007899868675255418,0.39363669554875563
0.0014285583044896233,0.360993028220226
0.0017828440234316642,0.34878508528305524
0.00035055829032162324,0.4384072430075444
0.0004485582916096233,0.42482383025085
0.001508558305541052,0.35799049214954165
3.970114337892932e-05,0.558416446674284
5.4272572141868094e-05,0.5411935742030864
0.00013255828745648035,0.49199307718689933
0.0005179868639506845,0.4168939112399452
0.00034570114740064363,0.4391760482248306
0.001459986876331256,0.3597938753454287
0.0007305582953159091,0.3979461830194791
4.427257201043952e-05,0.5524127624340492
7.427257240472525e-05,0.5239096780814713
0.0005342725784504396,0.4151881285619102
1.3415428747745636e-05,0.6181675451098465
1.2558285879337471e-05,0.6218021160982444
0.0001174154301146028,0.49867675759756713
0.0004099868625312559,0.42977830486047175
3.941542908945993e-05,0.5588143137507264
0.0008499868683141132,0.3896028695013115
0.0007537011527629295,0.396227679012082
0.0022362726008195825,0.33629848832367265
0.002748558321838195,0.3249323910884774
0.00015341543058774564,0.4839415853115156
0.00011141543003574565,0.5015667865692673
0.0003428440045059498,0.4396333483654881
0.00014227257329843955,0.48809634410875274
0.00013741543037745996,0.4900102728818701
0.00020770114558692933,0.46724891345753816
0.000314272575559011,0.444428053797671
2.798685751068441e-05,0.5776757729113859
0.00012770114453550076,0.4940498998452541
0.00034741543313746,0.43890347874560653
0.00010741542998317423,0.5035812691451873
0.00022141543148145994,0.4637257312837626
0.0013291297317542764,0.3649682934279383
5.598685787868442e-05,0.539480347589833
0.00015398685916668444,0.48373673618825885
6.484400085223544e-05,0.531389080514197
0.00013541543035117424,0.49081809982027763
7.112971522056198e-05,0.5262917694303059
0.0011542725865990111,0.3727409022065309
0.0003188440041905212,0.44363230927371494
0.00037141543345288854,0.43522264693118456
0.00023112971732341914,0.4613597770702123
0.0005657011502920722,0.41203845128044403
0.00029427257529615386,0.4480512407656397
0.0003828440050316641,0.4335526903246277
0.00028855828950676606,0.44913175284963824
0.00029598686103297016,0.44773117587338546
6.844000089949716e-06,0.6552028359876146
0.00174284402290595,0.35003548076372154
0.0008571297255508479,0.3891417425367558
0.00023284400306023545,0.46095260021241624
0.001162272586704154,0.3723603082368533
0.00023398686021811301,0.46068281093080393
7.798685816782728e-05,0.5212211277645608
7.54154295626028e-05,0.5230683739429345
5.227257211558238e-05,0.5432620768736443
4.598685774725585e-05,0.5503199406294911
0.00012312971590399056,0.4960584812288119
0.00013570114464064363,0.4907019683743527
1.4272571616153799e-05,0.6147579411639055
5.998685793125585e-05,0.5356785402038888
0.00014598685906154157,0.4866763318172685
0.00020484400269223546,0.4680121438125077
0.0006828440089745214,0.4016680041744248
8.558285826766042e-06,0.6429066554804354
9.415428695174207e-06,0.6376546499075937
1.8558285958194614e-05,0.6003005287245773
3.70114290578645e-06,0.688987559874864
6.27257151101094e-06,0.6599975414197974
2.2725714584395106e-06,0.7157411528213727
6.844000089949716e-06,0.6552028359876146
0.00010284400135166403,0.5059774880035711
0.00013227257316701096,0.4921119647210334
1.3986857326684411e-05,0.6158711982329402
1.7011428795007349e-06,0.731593686630722
0.0004934154350563171,0.41957182467800824
3.3415429010602784e-05,0.5679109262073503
9.986857274112982e-06,0.6344122823591988
0.0005428440071345213,0.4143111177312466
0.0005371297213451335,0.4148942379949006
0.00010655828711476606,0.50402269487582
0.0001239868587723987,0.4956762529862364
4.370114343150075e-05,0.5531284134109165
4.6558286326194624e-05,0.549639631362703
0.001085701157126358,0.37611569240969356
8.284400108880688e-05,0.5178923220012718
1.5701143063500737e-05,0.609505935591065
3.415428616317062e-06,0.6933982613091676
2.8440000373782864e-06,0.7034449723141921
2.5582857479088987e-06,0.709250795118517
5.712971503656197e-05,0.5383670905207993
0.00020284400266594975,0.4685527654647136
5.582857216231837e-07,0.7921320034644789
0.00016570114503492933,0.47969689667971865
1.3415428747745636e-05,0.6181675451098465
1.4725714479252249e-06,0.7394791657035977
0.0005142725781875824,0.4172904568532844
1.7011428795007349e-06,0.731593686630722
8.725714400395105e-07,0.7679822500561757
0.00013712971608799055,0.4901249541942218
2.8440000373782864e-06,0.7034449723141921
8.84400011623543e-06,0.6410997935843359
8.440000110925716e-07,0.769789111952275
3.427257187901094e-05,0.5665158048373279
0.02448570146466922,0.20441870437194115
0.0006628440087116642,0.4033060460366126
1.65582859319089e-05,0.6065793531515584
7.701142958357879e-06,0.6487124782847602
3.370114330007217e-05,0.5674419501792238
2.929714324219103e-06,0.7018161537093192
9.986857274112982e-06,0.6344122823591988
2.8440000373782864e-06,0.7034449723141921
1.027257156358237e-05,0.6328599444754108
4.970114351035789e-05,0.5460410363178015
1.141542872145992e-05,0.6270541216710861
1.141542872145992e-05,0.6270541216710861
2.6272571773868085e-05,0.5811572052629301
4.084400053680687e-05,0.5568530978301839
3.05582861159089e-05,0.5728342299492306
0.00010170114419378648,0.5065931854781623
2.6272571773868085e-05,0.5811572052629301
0.00014827257337729667,0.4858203246900645
6.27257151101094e-06,0.6599975414197974
5.986857221541552e-06,0.6625609966757285
1.141542872145992e-05,0.6270541216710861
3.5701143326357885e-05,0.5642663353351718
8.558285826766042e-06,0.6429066554804354
1.2272571589868084e-05,0.6230689385728313
2.9986857536970128e-05,0.5738739655254419
5.998685793125585e-05,0.5356785402038888
3.741542906317421e-05,0.5616828457759142
3.1129714694847675e-05,0.5718137498465082
8.541542969403137e-05,0.5162081869948696
8.91297154571334e-05,0.5138629670764481
6.598685801011299e-05,0.5304265346310485
7.255828666790891e-05,0.5251962194149897
6.712971516799054e-05,0.5294805139595596
7.05582866416232e-05,0.5267361617637581
9.798685843068443e-05,0.5086430829563939
7.415428668888491e-06,0.650792134553311
5.3129714983990544e-05,0.5423660514290248
1.284400016880686e-05,0.6205637639682315
0.00015655828777190892,0.4828242237882179
2.3986857458112983e-05,0.5861701460326225
2.7415428931745636e-05,0.5788119853445086
3.312971472113339e-05,0.5683839278300055
0.0002505582890073375,0.4569124109841232
0.00011598685866725587,0.4993512378750133
2.798685751068441e-05,0.5776757729113859
1.5701143063500737e-05,0.609505935591065
2.0844000273949716e-05,0.5939044470938136
5.141542924717422e-05,0.5441729133251242
2.0844000273949716e-05,0.5939044470938136
0.00015055828769305177,0.48497741187673415
3.2272571852725226e-05,0.5698277925474744
6.027257222072524e-05,0.5354167613234618
0.0004148440054522355,0.4291293372198074
6.27257151101094e-06,0.6599975414197974
6.570114372064361e-05,0.5306655994341977
0.000384272576479011,0.43334745973098604
0.00012627257308815384,0.4946697528457105
0.0007548440099208071,0.39614418755566116
0.00097284401278595,0.38216373253015334
0.0001822725738241538,0.4744448911068783
2.5986857484398697e-05,0.5817594445983189
7.598685814154156e-05,0.5226524900768267
2.1986857431827266e-05,0.5909648514648054
0.0004005582909787661,0.431060310918694
0.0003517011474795008,0.4382278958982214
8.055828677305177e-05,0.5194338029545366
0.0002525582890336232,0.4564743275241574
0.00020255828837648036,0.4686304319338022
6.844000089949716e-06,0.6552028359876146
1.0844000142521145e-05,0.6298806053533731
1.798685737925584e-05,0.6020226798419718
1.9701143116072165e-05,0.5970097390722794
1.0844000142521145e-05,0.6298806053533731
4.627257203672523e-05,0.5499787361294503
5.284400069452115e-05,0.5426631106427513
3.0272571826439516e-05,0.573351645494413
2.4844000326521147e-05,0.5842364616393547
4.6558286326194624e-05,0.549639631362703
3.084400040537829e-05,0.5723216276416541
4.827257206301095e-05,0.5476476909636974
2.3701143168643596e-05,0.586830086264064
3.398685758954156e-05,0.5669769318018849
3.484400045794972e-05,0.565604968385848
3.512971474741911e-05,0.5651551344535468
5.055828637876605e-05,0.5450990586670201
5.129714353133389e-06,0.6710553697969639
9.411428695121635e-07,0.7638731905085344
1.467257162141094e-05,0.6132362253151902
5.129714353133389e-06,0.6710553697969639
1.638685735822727e-05,0.6071523671610451
8.901142974129308e-06,0.6407454235482878
3.598685761582727e-05,0.5638272545204188
2.8440000373782864e-06,0.7034449723141921
1.1129714431990533e-05,0.6284492430411072
7.982857247774696e-07,0.7728092842371266
7.758285816251757e-06,0.6483058022640577
1.7011428795007349e-06,0.731593686630722
0.0005071297209508478,0.4180611596359811
0.0001805582880873375,0.4749655660109283
0.0003257011471377865,0.4424598320477765
6.0844000799664014e-05,0.5348969051027965
7.027257235215381e-05,0.5269597091319937
6.055828651019462e-05,0.5351562201728599
8.084400106252117e-05,0.5192387431023741
0.00022370114579721504,0.463159827971841
0.00014398685903525588,0.48743640387731135
0.00010998685858839872,0.5022778203145186
0.00018112971666627627,0.4747914604926436
0.000499986863714113,0.4188427947370736
0.0004285582913467661,0.42733716785830894
0.000373986862058113,0.43484246975720353
0.0013771297323851336,0.36301337327295274
0.00012998685885125586,0.49307241344803215
0.0002991297182171334,0.44714917540063964
0.0008965582974976234,0.38666351442439656
0.0009628440126545213,0.3827330814399637
0.0005185582925296233,0.4168331567126267
0.0018942725963247255,0.34544440486166694
3.5828571899461234e-07,0.8158700163467038
3.5828571899461234e-07,0.8158700163467038
1.5828571636604084e-07,0.8584761431025617
4.400000057828573e-08,0.9190144599363187
1.2971428741910208e-07,0.8685228541075849
1.0114285847216329e-07,0.8808190346147654
1.2971428741910208e-07,0.8685228541075849
1.5828571636604084e-07,0.8584761431025617
0.002374272602633297,0.33299882249876606
6.844000089949716e-06,0.6552028359876146
2.707257178438237e-05,0.5795051309705643
0.0019857011689549298,0.3428469590521575
0.0001151297157988477,0.49975992467316804
2.415428603174205e-06,0.7124004723999845
0.0004942725779247254,0.4194761850519816
0.00033141543292717425,0.44150147135816564
0.0008399868681826846,0.39025499960578935
0.0005142725781875824,0.4172904568532844
0.0006388440083962356,0.40533821901855727
4.198685769468442e-05,0.5553328813991822
0.0003008440039539498,0.4468342925398354
0.0018068440237470928,0.34804824439987125
5.998685793125585e-05,0.5356785402038888
0.001326558303149052,0.3650750044147598
0.00012141543016717424,0.49683098477785803
0.0014728440193573784,0.35931073619951504
0.0006654154373168887,0.40309269272372344
0.0004965582922404804,0.41922195460935424
0.0008691297257085622,0.3883756319746294
0.0003325582900850518,0.4413117832166499
0.0005588440073448069,0.4127104638858401
0.0009568440125756642,0.38307753601137573
0.0011382725863887254,0.3735100681440937
0.001599986878171256,0.35474812460114685
0.0019114154536928889,0.34494796591211757
0.0011899868727826845,0.3710617853750518
0.0012228440160716642,0.3695609228342847
2.2558286010766045e-05,0.5895518419755887
9.14154297728885e-05,0.5124678457064257
7.141542951003136e-05,0.5260709100136187
2.8440000373782864e-06,0.7034449723141921
3.70114290578645e-06,0.688987559874864
2.7257143215379595e-07,0.8303274287860319
7.129714379419104e-06,0.6529533664854584
5.712971503656197e-05,0.5383670905207993
2.8558286089623186e-05,0.5765625158423524
1.1297143005619595e-06,0.7539365781429257
0.00011541543008831708,0.49962335867837065
2.570114319492931e-05,0.5823683386466773
0.0005637011502657866,0.4122336098223407
8.655828685190892e-05,0.5154758924877212
7.77011438783579e-05,0.5214233457922179
9.370114408864361e-05,0.5111071753226445
0.0002488440032705212,0.45729070320685383
0.00023712971740227627,0.45994762979222414
0.00039170114800521507,0.4322924104781709
0.00014284400187737832,0.48787548469206576
0.00024741543182317424,0.45760794271689
0.00011712971582513342,0.4988109948154639
9.055828690448035e-05,0.5129868858141966
6.712971516799054e-05,0.5294805139595596
1.141542872145992e-05,0.6270541216710861
7.227257237843953e-05,0.525413593861356
2.1129714563419103e-05,0.5931547164714837
1.7129714510847676e-05,0.6047112301588823
7.415428668888491e-06,0.650792134553311
1.986857168970123e-06,0.7230993135094854
3.9868571952558376e-06,0.6849038881879325
4.558285774194613e-06,0.6775457274998183
1.4154285900313472e-06,0.7416403976357452
7.415428668888491e-06,0.650792134553311
6.844000089949716e-06,0.6552028359876146
1.541542877403135e-05,0.6105170529632071
1.4558285905623187e-05,0.6136667302446732
1.1986857300398696e-05,0.6243655713541756
3.1129714694847675e-05,0.5718137498465082
0.00013684400179852116,0.49023987467528274
0.00025484400334937834,0.4559778885746081
6.855828661533749e-05,0.5283203795157749
4.48440005893783e-05,0.5517062867226898
0.0001337011446143579,0.49152007556424426
0.00017912971663999055,0.4754032517964878
6.770114374692933e-05,0.529013525141832
0.00017884400235052117,0.47549120768219527
0.00012427257306186812,0.495549430489068
2.8844000379092574e-05,0.576014209321478
9.570114411492932e-05,0.5099435409677338
0.00034570114740064363,0.4391760482248306
0.00029427257529615386,0.4480512407656397
0.0013171297315965622,0.3654680555944407
0.00017055828795590892,0.4781049865495652
0.00014970114482464362,0.48529199513280685
0.003314272614987583,0.31461901488632593
0.00020455828840276608,0.46808905150216773
0.0002242725743761538,0.46301925557240303
0.00016655828790333748,0.47941260877128583
0.0005085582923981947,0.4179061543278769
0.000548558292923909,0.41373410355111573
6.512971514170483e-05,0.5311468631980631
0.0004514154345043171,0.4244739601821959
6.541542943117422e-05,0.5309057059173379
0.0001382725732458681,0.4896676540535642
0.0003657011476635008,0.43607699506331954
0.0007202725808950111,0.39872751025869774
0.0005314154355557457,0.41548359495718507
0.00013941543040374565,0.48921411774274187
0.00033427257582186815,0.4410284697355106
0.000186844002455664,0.47308000769119707
4.541542916831707e-05,0.5510087539822092
6.427257227329667e-05,0.5318767328179449
0.0011885583013353377,0.37112797679525905
0.0028085583226267665,0.32374243084820475
0.0028571297518365625,0.3227976028986729
0.0028571297518365625,0.3227976028986729
0.0008914154402871745,0.3869805106046083
0.0010599868710741132,0.37743649906757987
0.00031141543266431713,0.4449312933746685
0.0028571297518365625,0.3227976028986729
0.001957129740007991,0.34364558680919755
0.0008782725829715826,0.38779899518149263
0.00017055828795590892,0.4781049865495652
0.0012165583017033376,0.3698448999713947
0.00408570119655493,0.3030881848865044
0.0002857011466120722,0.44968005937051264
0.0008657011542349295,0.3885934360158814
0.0015599868776455417,0.3561432459711679
0.00016712971648227625,0.4792238950570637
0.0013114154458071744,0.36570764010531986
3.6844000484235436e-05,0.5625306217390745
0.003170558327384481,0.31706180709629544
0.0007531297241839907,0.3962694722265973
0.01262141559445289,0.24093601633889988
0.015718558492301055,0.2288435397652277
0.0012519868735975418,0.3682630924056488
0.007415986954610115,0.270238097650312
0.019102844251065954,0.21809846658880525
0.02799484436793224,0.19703852563275107
0.009893129844309706,0.25435691091509166
0.00178484402345795,0.3487233041514336
0.002138558313821052,0.3387604557652815
0.020113987121498117,0.21525628460616572
5.084400066823544e-05,0.5447886107997166
0.00153284402014595,0.35711046032983085
0.005553415501559176,0.2861756165947919
0.00949941555342089,0.2565947112730677
0.02159655856955477,0.21133734683801877
0.012518272735954442,0.24138818154634997
0.015325701344280646,0.23023827589655144
0.003042558325702195,0.31933259184103774
0.00437055834315591,0.29937430630131295
0.012562272736532726,0.2411948371542614
3.4558286168480334e-05,0.5660585046966703
0.0290125586670222,0.1950708366784104
0.02323541573395118,0.2073068142954614
0.003782844049717379,0.307332155934315
0.002752844036180236,0.32484653646083267
0.004434558343997053,0.298573242511782
0.013849415610592318,0.2358196917904203
0.020079129978182852,0.2153518621385143
0.0031745583274370524,0.31699233114060976
0.015966558495560484,0.22798091729819905
0.007876844103524237,0.26691590283786154
0.0006457011513435009,0.4047499107540815
0.0005008440065825213,0.4187484110131206
0.0008154154392883173,0.3918909410020315
0.000879986868708399,0.3876915443498594
1.611428592607347e-07,0.8575653066510804
1.4558285905623187e-05,0.6136667302446732
5.582857216231837e-07,0.7921320034644789
5.5701143589215036e-05,0.5397622118908205
0.0011494154436780316,0.37297326617774046
0.00016198685927182728,0.4809460461744569
3.6844000484235436e-05,0.5625306217390745
0.0002514154318757457,0.45672423430485154
0.00011112971574627627,0.5017082612315638
3.2272571852725226e-05,0.5698277925474744
3.5415429036888494e-05,0.5647089429412285
3.255828614219462e-05,0.5693422885196162
3.6558286194766045e-05,0.5629594515351594
0.0004714154347671743,0.42208516228546716
1.1701143010929308e-05,0.6256934512873037
2.0129714550276248e-05,0.5958246535976426
5.598685787868442e-05,0.539480347589833
7.798685816782728e-05,0.5212211277645608
8.558285826766042e-06,0.6429066554804354
7.54154295626028e-05,0.5230683739429345
4.0272571957868095e-05,0.5576292282760896
2.2558286010766045e-05,0.5895518419755887
9.112971548341912e-05,0.5126403164284313
0.00025227257474415385,0.45653669804660046
0.00013741543037745996,0.4900102728818701
0.0001799868595083987,0.475140223370132
0.0004057011481892151,0.43035734014316046
0.00012998685885125586,0.49307241344803215
0.00034570114740064363,0.4391760482248306
0.0003399868616112559,0.4400944753300452
0.0010685582997581949,0.37699270324035716
0.0018428440242202358,0.34696113411694796
0.0007228440095002356,0.3985311373895163
0.0012128440159402355,0.3700133951183305
0.0004028440052945212,0.43074677180424986
0.0012599868737026847,0.36791210809358565
0.0003885582908210518,0.43273631464193124
0.0002999868610855416,0.4469915090536022
6.370114369435789e-05,0.5323687392177142
2.6558286063337473e-05,0.5805614767505791
0.00013427257319329668,0.4912850886380067
0.0005685582931867661,0.41176084691148224
7.112971522056198e-05,0.5262917694303059
0.00018941543106088852,0.47232686133350665
6.570114372064361e-05,0.5306655994341977
0.00012055828729876607,0.4972213360019089
0.0005942725792390111,0.40932340211681206
0.00013427257319329668,0.4912850886380067
0.0002788440036648069,0.4510186924211888
0.0004222725769784396,0.42815135037666163
6.541542943117422e-05,0.5309057059173379
0.00010284400135166403,0.5059774880035711
5.027257208929667e-05,0.5454112654551382
1.3129714458276248e-05,0.6193526305844844
0.0001782725737715824,0.47566754175489495
3.970114337892932e-05,0.558416446674284
0.00010055828703590893,0.5072158401335852
1.65582859319089e-05,0.6065793531515584
1.141542872145992e-05,0.6270541216710861
0.000691415437658603,0.40098062290327746
0.0016799868792226847,0.3520595742842364
2.3415428879174208e-05,0.5874980259657505
5.627257216815381e-05,0.5391999177189776
1.4529714476676247e-05,0.6137748840589731
6.558285800480328e-06,0.6575480559060375
1.404400018457829e-05,0.6156467402822805
0.00012998685885125586,0.49307241344803215
0.00022655828869190894,0.46246052479623445
2.7701143221215023e-05,0.5782409506935129
0.00011827257298301097,0.4982759969169695
4.170114340521503e-05,0.5557090217722607
8.855828687819464e-05,0.5142173371124962
2.3986857458112983e-05,0.5861701460326225
0.00017284400227166402,0.47737147354638354
0.00034570114740064363,0.4391760482248306
0.0004285582913467661,0.42733716785830894
0.0019428440255345215,0.3440492834916445
0.000971415441338603,0.3822447088131976
0.00017712971661370484,0.47602191179094316
0.00010855828714105178,0.5029981488815333
6.284400082594972e-05,0.5331150849479577
7.427257240472525e-05,0.5239096780814713
0.00020284400266594975,0.4685527654647136
0.0003428440045059498,0.4396333483654881
0.000314272575559011,0.444428053797671
0.001114272586073297,0.37468433009742763
4.570114345778646e-05,0.5506632710279786
0.00012570114450921504,0.49491965962640466
2.3415428879174208e-05,0.5874980259657505
0.0003428440045059498,0.4396333483654881
0.0015714154492243173,0.35574102264738555
9.712971556227627e-05,0.5091271652850373
4.0272571957868095e-05,0.5576292282760896
9.701142984643595e-06,0.6360096217568771
0.00031970114705892936,0.44348437804206303
0.0002559868605072559,0.45573133625861284
0.0005445582928713375,0.4141373781736691
0.00035684400468994975,0.4374279799866911
6.284400082594972e-05,0.5331150849479577
0.0013579868749906846,0.3637847201404213
0.0017091297367485623,0.35111187873392624
0.0009431297266811336,0.3838730412053576
9.827257272015382e-05,0.5084826626081721
0.00017484400229794974,0.4767375627678104
0.0017637011660372153,0.349379949917082
0.00047941543487231716,0.42115790373561046
0.0014771297336994193,0.3591506265933265
2.312971458970482e-05,0.5881741614510033
0.00032198686137468443,0.44309182535294467
0.00010055828703590893,0.5072158401335852
0.00018484400242937832,0.4736729887475776
0.0003777011478212151,0.4342979145394732
0.0005428440071345213,0.4143111177312466
0.00014370114474578647,0.48754584651645705
6.170114366807217e-05,0.534126202320101
2.2844000300235433e-05,0.5888586963495329
3.9986857668398704e-05,0.5580214317160926
0.0002905582895330518,0.4487511588799595
0.0001245582873513375,0.49542289920340093
0.00011198685861468443,0.5012849222682798
0.00010941543000945995,0.5025648227898486
4.427257201043952e-05,0.5524127624340492
0.0014985583054096235,0.3583569832438253
0.021514844282766524,0.2115462389206237
1.6272571642439513e-05,0.6075377138411693
0.0002857011466120722,0.44968005937051264
2.570114319492931e-05,0.5823683386466773
0.0017142725939590113,0.35094631721520275
1.3701143037215024e-05,0.6170074106660616
5.7011429320721645e-06,0.665249546992639
1.6844000221378288e-05,0.6056373755007782
2.6558286063337473e-05,0.5805614767505791
5.129714353133389e-06,0.6710553697969639
5.129714353133389e-06,0.6710553697969639
1.0558285853051758e-05,0.631350141793038
1.4844000195092574e-05,0.6125967092317579
8.440000110925716e-07,0.769789111952275
1.141542872145992e-05,0.6270541216710861
7.129714379419104e-06,0.6529533664854584
0.00011712971582513342,0.4988109948154639
2.7415428931745636e-05,0.5788119853445086
5.598685787868442e-05,0.539480347589833
2.9986857536970128e-05,0.5738739655254419
8.84400011623543e-06,0.6410997935843359
4.272571484725225e-06,0.6811020808019884
1.4272571616153799e-05,0.6147579411639055
1.1129714431990533e-05,0.6284492430411072
1.141542872145992e-05,0.6270541216710861
0.00012655828737762322,0.49454522318661864
3.198685756325584e-05,0.5703176122232733
1.770114308978645e-05,0.6029043682627829
4.71297149051334e-05,0.5489676187573069
8.712971543084769e-05,0.5151133625571143
0.0001777011451926436,0.4758444419090545
1.0158285847794614e-05,0.6334756419500033
0.00019027257392929668,0.47207808280397007
5.501142929443594e-06,0.667212759483798
7.701142958357879e-06,0.6487124782847602
3.1011428979007356e-06,0.6986962063183481
7.701142958357879e-06,0.6487124782847602
4.9011429215578785e-06,0.673560544401565
2.2154286005456328e-06,0.7171362741913938
6.129714366276246e-06,0.6612643638943843
5.512971501027626e-05,0.5403303030119583
1.027257156358237e-05,0.6328599444754108
1.5129714484561962e-05,0.611547070815966
0.00022912971729713343,0.4618386509155843
5.986857221541552e-06,0.6625609966757285
0.0007542725813418683,0.3961859174710947
0.00022912971729713343,0.4618386509155843
0.0007057011521320723,0.39985370529191844
0.0009428440123916643,0.38388973696391415
0.0007714154387100315,0.3949475653410807
0.0008285582966039091,0.391009865529432
2.3986857458112983e-05,0.5861701460326225
2.7129714642276248e-05,0.5793889995246394
7.712971529941912e-05,0.5218300218129205
8.512971540456198e-05,0.5163927913574579
7.712971529941912e-05,0.5218300218129205
0.0005442725785818681,0.4141662967524992
0.0003799868621369702,0.43396545892653987
4.427257201043952e-05,0.5524127624340492
1.0558285853051758e-05,0.631350141793038
5.7011429320721645e-06,0.665249546992639
4.2272571984153805e-05,0.5549592911499306
0.009171415549110034,0.25853100017179426
0.00046570114897778655,0.42275717489086323
0.0007057011521320723,0.39985370529191844
0.0004028440052945212,0.43074677180424986
0.0008428440110773785,0.39006788787865176
0.0006942725805532969,0.40075338814540673
0.000314272575559011,0.444428053797671
1.5986857352970125e-05,0.6085130375448263
1.5129714484561962e-05,0.611547070815966
0.00828570125175493,0.26412740905759224
3.129714326847674e-06,0.6981929667413505
2.7257143215379595e-07,0.8303274287860319
1.0558285853051758e-05,0.631350141793038
2.7257143215379595e-07,0.8303274287860319
8.84400011623543e-06,0.6410997935843359
1.141542872145992e-05,0.6270541216710861
0.000107986858562113,0.5032889376866606
0.00032398686140097015,0.4427506208529038
5.582857216231837e-07,0.7921320034644789
1.1297143005619595e-06,0.7539365781429257
1.3868571610844085e-06,0.74275365470478
2.2154286005456328e-06,0.7171362741913938
4.9986857799827276e-05,0.5457252512089134
5.7011429320721645e-06,0.665249546992639
3.70114290578645e-06,0.688987559874864
6.558285800480328e-06,0.6575480559060375
1.9701143116072165e-05,0.5970097390722794
0.00012570114450921504,0.49491965962640466
2.5868571768558373e-06,0.7086419010701586
6.27257151101094e-06,0.6599975414197974
2.872571466325225e-06,0.7028966657933178
3.70114290578645e-06,0.688987559874864
2.2725714584395106e-06,0.7157411528213727
1.8725714531823676e-06,0.7263416810578804
0.0006399868655541131,0.4052397304298805
0.0023242726019761543,0.3341716562360261
9.055828690448035e-05,0.5129868858141966
0.0014257011615949294,0.3611033472774853
0.0006399868655541131,0.4052397304298805
0.0005588440073448069,0.4127104638858401
0.0006657011516063581,0.4030690377112561
3.1415428984317067e-05,0.5713105102695107
0.0001828440024030926,0.47427242038487255
4.284400056309258e-05,0.5542196243301487
0.0002999868610855416,0.4469915090536022
0.0005285582926610518,0.41578065417091153
0.001251415445018603,0.3682882484666641
0.0016399868786969704,0.35338745421736567
0.0008885582973924806,0.38715741075876786
0.00041141543397860283,0.429586637360465
0.0015142725913304398,0.3577821578722865
0.0005428440071345213,0.4143111177312466
0.00291427260973044,0.3217063919794408
5.7011429320721645e-06,0.665249546992639
0.0002857011466120722,0.44968005937051264
2.2844000300235433e-05,0.5888586963495329
0.0002271297172708477,0.4623217228319226
0.00197141545448146,0.3432448261285999
0.00197141545448146,0.3432448261285999
0.0015714154492243173,0.35574102264738555
0.0012571297308079908,0.3680372031545649
0.002771415464995746,0.3244760377498334
0.0027142726071018686,0.32562408658095987
0.0006857011518692152,0.40143792304393516
0.0019142725965875826,0.34486565917434103
0.0016571297360651336,0.3528144402078789
0.0011714154439671743,0.37192853834362416
0.0005142725781875824,0.4172904568532844
0.0020857011702692155,0.34013953415013415
0.0005999868650283989,0.40879608373204906
0.002371415459738603,0.33306517332038443
0.0008857011544977867,0.3873348806406564
0.003714272620244726,0.3083401904593448
0.0005428440071345213,0.4143111177312466
0.0012857011597549295,0.366798851024552
0.002799986893942685,0.3239108599677064
0.003428558330775338,0.3127508918936484
0.0005999868650283989,0.40879608373204906
0.0015714154492243173,0.35574102264738555
0.0014285583044896233,0.360993028220226
0.0028571297518365625,0.3227976028986729
2.4925714613309394e-06,0.7106773239278028
5.29714292676245e-07,0.7949584871467658
1.9011428821293064e-06,0.7255130285898602
2.929714324219103e-06,0.7018161537093192
2.386857174227266e-06,0.7130526025044622
4.615428632088491e-06,0.6768611926012901
2.9582857531660418e-06,0.7012837403820447
3.9868571952558376e-06,0.6849038881879325
3.598685761582727e-05,0.5638272545204188
1.844000024235429e-06,0.7271829851964172
1.5782857350288982e-06,0.7356914894501055
0.010571415567510033,0.25070277237751876
0.0045714154886528895,0.29689835808429915
1.3129714458276248e-05,0.6193526305844844
1.2272571589868084e-05,0.6230689385728313
0.00828570125175493,0.26412740905759224
0.003714272620244726,0.3083401904593448
0.0051428440675916655,0.29040800038144465
0.000971415441338603,0.3822447088131976
0.00019141543108717424,0.4717481156461808
2.5415428905459922e-05,0.5829840361212697
2.6558286063337473e-05,0.5805614767505791
0.0002857011466120722,0.44968005937051264
0.014285701330612074,0.23411057174838623
0.00011427257293043953,0.5001716651992463
0.00314284404130595,0.31754559732583126
0.00021998686003411302,0.4640823949929656
0.0017714154518528888,0.3491394553191034
3.011428611007348e-07,0.8250754232131902
3.297142900476735e-07,0.8202807177810074
3.297142900476735e-07,0.8202807177810074
4.4400000583542867e-07,0.8044281839716582
6.154285795170615e-07,0.7868799978916371
6.72571437410939e-07,0.7820852924594545
7.011428663578778e-07,0.7798358229572984
7.382857239888981e-07,0.777042411808181
9.297142979333879e-07,0.7645371063794334
9.297142979333879e-07,0.7645371063794334
9.582857268803267e-07,0.7628920782287167
1.186857158455837e-06,0.7512480278260153
1.186857158455837e-06,0.7512480278260153
1.2725714452966531e-06,0.7474462204400713
1.3582857321374695e-06,0.7438898671379014
1.3582857321374695e-06,0.7438898671379014
1.4154285900313472e-06,0.7416403976357452
1.4154285900313472e-06,0.7416403976357452
1.4154285900313472e-06,0.7416403976357452
1.5297143058191023e-06,0.7373995094350467
1.5868571637129798e-06,0.7353954940166659
1.6440000216068574e-06,0.7334618096233981
1.6440000216068574e-06,0.7334618096233981
1.7582857373946125e-06,0.7297868247346225
1.7868571663415513e-06,0.7289051363138115
1.7868571663415513e-06,0.7289051363138115
1.986857168970123e-06,0.7230993135094854
2.472571461068082e-06,0.7111189181111944
2.5582857479088987e-06,0.709250795118517
2.5582857479088987e-06,0.709250795118517
2.8440000373782864e-06,0.7034449723141921
3.129714326847674e-06,0.6981929667413505
3.129714326847674e-06,0.6981929667413505
3.158285755794613e-06,0.6976942814311197
3.70114290578645e-06,0.688987559874864
4.558285774194613e-06,0.6775457274998183
6.27257151101094e-06,0.6599975414197974
1.1692571582245226e-05,0.6257337863024245
1.5701143063500737e-05,0.609505935591065
1.827257166872523e-05,0.6011548768567123
2.427257174758237e-05,0.5855180159281447
2.8558286089623186e-05,0.5765625158423524
3.170114327378645e-05,0.5708118249592798
3.427257187901094e-05,0.5665158048373279
4.284400056309258e-05,0.5542196243301487
5.141542924717422e-05,0.5441729133251242
5.4272572141868094e-05,0.5411935742030864
8.855828687819464e-05,0.5142173371124962
8.91297154571334e-05,0.5138629670764481
9.312971550970484e-05,0.5114442060411499
0.00016570114503492933,0.47969689667971865
1.1297143005619595e-06,0.7539365781429257
3.70114290578645e-06,0.688987559874864
6.558285800480328e-06,0.6575480559060375
2.121542885025992e-05,0.592931772064756
9.746971556674484e-05,0.5089346367862781
1.3566857321164412e-05,0.6175496330841008
7.012114377873504e-05,0.5270785579617917
6.947828662742892e-05,0.5275859784744282
0.000140569716133202,0.4887598039640335
0.0003428440045059498,0.4396333483654881
0.0002271297172708477,0.4623217228319226
0.0006628440087116642,0.4033060460366126
0.0017514154515900315,0.3497651399891349
0.0022799868871083992,0.3352317167712301
0.0013314154460700315,0.364873612389703
0.00902855840437534,0.2593960783888032
0.0023142726018447256,0.3344092485073238
0.04317141599596718,0.1731696308333885
0.016342844214791666,0.2266973342433982
0.0074857012412406455,0.26972250751068033
0.0016291297356971336,0.3537534694288838
2.3415428879174208e-05,0.5874980259657505
8.855828687819464e-05,0.5142173371124962
0.001457129733436562,0.35990181730099374
2.7257143215379595e-07,0.8303274287860319
0.00858167268421627,0.26219338394882313
0.002090446884617302,0.340014295307606
0.0014715811621979237,0.3593580040379122
0.0027866154651955176,0.32417464170544197
0.006675326944875726,0.2760361602900589
0.007189935523067724,0.27194389742469083
0.00971584412769395,0.25535333912317776
0.012077415587303176,0.2433637898510747
0.005606101216537331,0.28565530251308774
0.01054143556711601,0.2508592673481516
0.006065884079723048,0.2813117233436291
0.0059959069359462065,0.281951110964587
0.0020678497414631683,0.3406131969248476
0.009288972693512214,0.2578291743629752
0.007739598387434722,0.2678844996315773
0.00940038126640501,0.25717220557019405
0.003408875473373792,0.3130681483189
0.003965921194980679,0.30472782080494565
0.0066938612308336054,0.2758833733854026
0.005622835502471554,0.2854910606960927
0.003751938335025475,0.30778420427852726
0.001013946870469016,0.3798834326379144
0.004574701202981787,0.29685876605891764
0.012768347024955419,0.24029822832966888
0.010712769855082117,0.24997083540345857
0.007128501236546017,0.27241675784721164
0.0035540297609958195,0.31077032541295735
0.010313195564116286,0.2520654745855268
0.004759458348267168,0.29467705410225203
0.01219822701746241,0.24281531554073715
0.007342175525068593,0.2707892987329451
0.007731021244464851,0.26794560088683517
0.00865551268518674,0.26172127392552413
0.0019069040250621672,0.3450781790863142
0.0108340412852474,0.24935054446713287
0.0012097297301850193,0.37015507000209097
0.007049684092652991,0.273029417947862
0.010798204141919255,0.2495331220851204
0.003337101186716187,0.31424076112160565
0.012566401308015559,0.2411767301889258
0.003050984040098647,0.3191802036943157
0.0035968554758443864,0.3101102944738518
0.0006175754366881343,0.40720396262608255
0.006709004088175484,0.27575885731809907
0.006157898366646665,0.2804821155810415
0.004228004055568053,0.3012016018175624
0.0031994754706216773,0.31656150683948
0.00521055835419591,0.2896871947225508
0.010344124135951347,0.25190046789554904
0.008333018395233958,0.26381362033677214
0.0029402411815003123,0.3212175437857499
0.0008421554396397574,0.39011292372975925
0.013307244174895209,0.23802025301985796
0.001992904026192453,0.34264743858550306
0.003349058329730481,0.3140436707852346
0.007969552676171264,0.2662711259105442
0.0020540783127107436,0.34098140501283214
0.011513701294180074,0.24599774650458026
0.0022682697440972593,0.33551563358018566
0.0013404954461893686,0.36449909053260676
0.0033744097586350997,0.3136281188202294
0.0034943297602111913,0.3117038181425397
0.0038252040502741104,0.30671853300462537
0.0042520440558840075,0.30088917244611835
0.004278178341941772,0.30055152288316084
0.0031485668985240223,0.3174453485569742
0.010688589854764324,0.25009535292625606
0.01208796701601328,0.24331566902948087
0.0028824868950269706,0.32231070919528315
0.002243224029482373,0.33612746374023306
0.005394009785178415,0.28778047765622794
0.002482361175482461,0.3305456409975366
0.0079577412474446,0.2663528548167919
0.005126441210233228,0.29058403352005907
0.006252695510749713,0.2796402822799725
0.003976272623688154,0.30458418109887114
0.0019555468828443305,0.3436901709869622
0.010563818424553043,0.2507423872809847
0.00677940408910074,0.2751836413318545
0.009297475550766822,0.25777875657556576
0.003313086900686285,0.3146387324701028
0.0008876468688090732,0.3872139615924431
0.004909641207383857,0.2929651321199714
0.003217355470856672,0.31625441932968507
0.013769458466684311,0.23613874857760117
0.0034879411886986557,0.3118046554949133
0.0016379697358133163,0.35345527236424323
0.003159366898665965,0.3172566575795325
0.007080929807349363,0.2727857237338819
0.008819512687342167,0.26068695607203485
0.003378249758685568,0.3135654472437831
0.007105412664813996,0.2725955251952428
0.005450912643069138,0.28720221326885936
0.0026693611779401755,0.3265434880742411
0.007168935522791724,0.2721050786321553
0.013480852748605493,0.23730600203683347
0.005177364068045357,0.29003936354093945
0.0013792525895558912,0.36292849566168894
0.011081795574217885,0.24810460486967156
0.007582738385373134,0.26901278128239303
0.008063795534552743,0.2656233207551967
0.008681469828385033,0.2615562682308047
0.012087632730294602,0.24331719292776252
0.0019726183116401262,0.34321121474140387
0.004650344061118808,0.29595506705098085
0.003836695478996569,0.30655324082915486
0.010080109846767158,0.2533251605096972
0.009180541263515685,0.2584761977446437
0.007653389814873124,0.2685017298806825
0.002496026889947782,0.33024311808132806
0.0016368811643704382,0.35349190581420126
0.0021527983140082066,0.33839475134779934
0.008656352685197778,0.2617159264272677
0.008222169822348519,0.26455155458917484
0.0035747840469828765,0.3104494724636527
0.009725275556389336,0.2552998738803387
0.0022809154585491744,0.3352092790919054
0.012001472729162212,0.24371137991754324
0.00733572123926948,0.27083776052823844
0.0065591926576351045,0.27700327602067915
0.002647506891938662,0.3269964867390927
0.0027285126072890227,0.32533574745526767
0.0025589183193457836,0.32887188573495646
0.006264146939471646,0.27953945455162693
0.005984364078651642,0.28205729561714965
0.006371435512310296,0.27860365330100817
0.001484141162362998,0.35888968625386314
0.004538064059643128,0.2973018524308303
0.00951892983939165,0.25648162878069897
0.0056006640736087285,0.2857087719208484
0.003925935480169437,0.30528621877349993
0.0053107583555128245,0.2886375905132084
0.010996858430244425,0.24852858213612514
0.0011749868725855416,0.3717607928542809
0.0038044726214302117,0.30701799282457465
0.004942761207819148,0.29259465230243337
0.008218864108019357,0.26457371365212606
0.011574672723552842,0.24570670868536684
0.003602195475914569,0.31002854586056483
0.0023513240309031157,0.33353402224151435
0.00201080402642771,0.3421547113568289
0.0021711097428202997,0.33792802574685465
0.001954298311399349,0.3437253648399898
0.003287284043204305,0.31506957228213583
0.006003558364618196,0.28188083680955633
0.0027123697499340025,0.3256627311785587
0.0052983297839209065,0.28876670000406995
0.004887569778522347,0.29321341309555266
0.004874444064064122,0.2933615961390563
0.009154235548884239,0.2586343189212098
0.007057604092757083,0.27296754557520037
0.005692481217672611,0.28481271972538386
0.008567529826887537,0.26228427236788804
0.006319446940198446,0.2790551280683825
0.00373056976331606,0.3080989384073632
0.013502735606035954,0.2372166262485631
0.0027258640358256416,0.32538926305510063
0.005491644072175894,0.28679198301156
0.0060407097936779,0.28154088964568336
0.00792273553269881,0.26659579048426146
0.005001695494307999,0.2919415115378933
0.0034236983307114636,0.31282905772389075
0.0027986183224961263,0.32393780020923496
0.00784774981742757,0.26711981537154755
0.004430706915375005,0.2986211214756582
0.005195698354000608,0.28984457103437467
0.011594267009524652,0.24561350377821842
0.005195266925423508,0.2898491468424633
0.005112815495768433,0.29073069156089376
0.0055454240728827165,0.2862549693088438
0.004451084058499962,0.2983682742985002
0.002341466887916422,0.3337655131516231
0.0010910554429110144,0.3758446088408467
0.0025048326043492285,0.33004905898966064
0.007483321241209365,0.269740030114758
0.005105024067094603,0.2908147290120875
0.0021336640280424416,0.3388867108508091
0.002030692598117674,0.3416123634842607
0.005440721214363765,0.2873053366160795
0.0051170697815386326,0.2906848593624212
0.012516158450212367,0.24139748922504942
0.0008750154400716315,0.388003730807273
0.009522889839443697,0.256458709444499
0.009588061268871663,0.2560828790356593
0.010233724134500374,0.2524917416686178
0.010055126989295953,0.2534619021889688
0.004205964055278385,0.30148960359058125
0.0008618211541839353,0.3888409604487548
0.009557275554181337,0.256260094612216
0.0020263068837743188,0.3417315010245242
0.0014236840187112755,0.36118136575165743
0.008353489824074438,0.26367841366942296
0.0028667068948195766,0.3226132019986774
0.0018917583105773949,0.3455175934570255
0.007268504095528912,0.2713450077754821
0.0027995868939374277,0.32391873258014975
0.007510135527276068,0.26954293309693694
0.00572548407524922,0.2844941687630864
0.006658875516088079,0.27617213302287646
0.0017999411665135124,0.348259166391637
0.004544864059732499,0.2972193441096498
0.004220684055471848,0.3012970871031067
0.0026480926062320744,0.3269842972803647
0.008552101255256189,0.26238359464213906
0.0017891268806570961,0.3485912367963031
0.011462578436365316,0.24624296403715673
0.002534486890453256,0.3294005228048898
0.0029384897529058655,0.3212503777112645
0.005155804067761997,0.29026931209163426
0.012116152730669436,0.24318733099970702
0.007050366949804824,0.27302408061543054
0.005012524065878888,0.29182234097884585
0.01228733273291923,0.2424142522979328
0.005574946930413589,0.28596238233110455
0.005058246923622675,0.2913219742986535
0.006767666946089338,0.2752791256693749
0.006359432655009687,0.27870755956721166
0.004234749769942425,0.3011137540218219
0.0026895297496338194,0.3261287097708056
0.005370132642007457,0.28802494365523057
0.007389406954260778,0.2704359542751271
0.0011008097287534995,0.3753541583358028
0.010642901282735272,0.2503314020451082
0.007132712665172796,0.27238421256451767
0.01103442414502386,0.24834066444675423
0.0050858812097001535,0.29102174756802474
0.00644686694187311,0.2779551057386354
0.002737415464548889,0.3251562411621724
0.004262195484588855,0.3007577722375965
0.00593693264945683,0.28249578585804946
0.00953226698242408,0.25640447523282917
0.002410904031686167,0.33215514227118514
0.002707938321304332,0.32575283301937424
0.007131761236588863,0.27239156338000226
0.002723675464368306,0.3254335233944854
0.0007289411524375124,0.398068293432087
0.0023843126027652513,0.3327662973135419
0.007433484097697221,0.27010823882302404
0.009045118404592985,0.2592950998223078
0.005118415495842033,0.2906703696687931
0.007483321241209365,0.269740030114758
0.006317521225887422,0.2790719224474501
0.0014584411620252268,0.35985224568924806
0.004938584064907105,0.2926412407259699
0.011433058435977339,0.24638505918802261
0.005908852649087778,0.2827570314595131
0.008514012683327025,0.2626295611562212
0.0014338040188442813,0.3607910556396008
0.008744761257788291,0.2611559931306673
0.008622098399033294,0.26193441358097874
0.007924495532721941,0.266583550680648
0.005668935503077438,0.28504111908825075
0.006358112654992338,0.2787189985032677
0.0044129297722842195,0.2988426584676565
0.001952972597096211,0.3437627577615191
0.005580204073339825,0.28591044385242476
0.00237382403119883,0.33300923429228085
0.0010399268708104676,0.37848931667223557
0.0029149583240251666,0.3216934277750061
0.0011259525862268055,0.37410972972911577
0.004747201205248931,0.2948191482648431
0.013611364178892214,0.23677508968675687
0.008608604113141655,0.26202072380301356
0.0007912668675423647,0.3935474848026566
0.002894661180901261,0.3220784651710132
0.009983595559784397,0.25385531095440433
0.0053387354987376665,0.28834806275268804
0.013506107034651691,0.23720286925738726
0.005433709785700186,0.28737639492590455
0.0038943869083262277,0.3057308211998589
0.006341035511910753,0.27886720112100405
0.0027956697510288023,0.32399588744595403
0.007527749813221855,0.2694138428006186
0.004144669768758517,0.3022985558111031
0.0024214868889681136,0.3319137879400484
0.013833938467531764,0.23588130695422121
0.010633904139759882,0.2503780050128925
0.013970192755036819,0.23534122483563294
0.004085284053692305,0.3030938112123301
0.007117341236399343,0.27250309371033965
5.141542924717422e-05,0.5441729133251242
2.2844000300235433e-05,0.5888586963495329
2.570114319492931e-05,0.5823683386466773
9.998685845697014e-05,0.507529825887359
8.558285826766042e-06,0.6429066554804354
1.4272571616153799e-05,0.6147579411639055
3.427257187901094e-05,0.5665158048373279
1.9986857405541553e-05,0.5962168570376458
0.005659986931531257,0.2851281713539878
0.012237129875116564,0.24263985534788154
0.00023998686029697017,0.45928768956078275
0.0006742725802904397,0.4023640683858311
2.2844000300235433e-05,0.5888586963495329
0.00046284400608309265,0.42309627965761054
3.427257187901094e-05,0.5665158048373279
4.855828635248034e-05,0.5473225906065917
2.570114319492931e-05,0.5823683386466773
0.005357129784693706,0.2881585308792885
1.9986857405541553e-05,0.5962168570376458
0.0023885583171067665,0.33266826151529877
0.0006285582939753377,0.4062326284761179
1.0,0.0
0.2857142763265305,0.0690326899549934
0.022857130014693708,0.20821132693401373
0.7999999973714286,0.012296180507180628
3.0400000399542865e-07,0.8245767379029595
0.0022605583154244806,0.33570328972817765
1.8558285958194614e-05,0.6003005287245773
0.0006488440085276641,0.40448235434335433
0.00010770114427264361,0.5034349095619449
0.007906844103918523,0.266706429645217
4.7000000617714293e-07,0.8013800074256832
0.00032027257563786813,0.44338597738967245
1.290857159822694e-06,0.7466680348585698
0.005082844066803094,0.29105466405561364
0.00023084400303394973,0.46142793335681753
5.129714353133389e-06,0.6710553697969639
3.2272571852725226e-05,0.5698277925474744
0.00012378685876977016,0.4957652027241878
2.7011428926435926e-06,0.7062714559964792
1.5828571636604084e-07,0.8584761431025617
4.400000057828573e-08,0.9190144599363187
0.008028558391232482,0.2658646427946772
0.0012342725876504396,0.36904832052670816
0.000899986868971256,0.38645319221984537
0.0005399868642398274,0.4146019065363752
0.0006542725800275825,0.40402324944549806
0.0009399868694969704,0.38405697336146155
8.284400108880688e-05,0.5178923220012718
0.00805712982017942,0.26566889001085703
0.0008742725829190112,0.38805053161752373
0.0030857011834120726,0.31855671469797453
0.0006371297226594192,0.4054862827458744
0.0008199868679198275,0.3915828795389188
0.0005657011502920722,0.41203845128044403
0.0002857011466120722,0.44968005937051264
7.28440009573783e-05,0.5249796990943866
0.00017970114521892932,0.4752277600854362
0.0025057011757892156,0.33002995451228345
0.00012284400161452117,0.49618648210099153
7.084400093109259e-05,0.5265135176196755
3.627257190529666e-05,0.5633916447365428
0.0008285582966039091,0.391009865529432
0.0003428440045059498,0.4396333483654881
0.00014855828766676606,0.48571425275991814
0.00013998685898268445,0.4889887417611005
6.570114372064361e-05,0.5306655994341977
6.570114372064361e-05,0.5306655994341977
4.855828635248034e-05,0.5473225906065917
3.1415428984317067e-05,0.5713105102695107
2.82725718001538e-05,0.5771163330738368
2.798685751068441e-05,0.5776757729113859
2.455828603705176e-05,0.5848735132512782
2.3986857458112983e-05,0.5861701460326225
2.2558286010766045e-05,0.5895518419755887
2.1129714563419103e-05,0.5931547164714837
7.129714379419104e-06,0.6529533664854584
3.9868571952558376e-06,0.6849038881879325
1.3868571610844085e-06,0.74275365470478
0.0020857011702692155,0.34013953415013415
0.0048571297781222775,0.2935576776629122
0.01854520424373697,0.21973098767768187
0.01854520424373697,0.21973098767768187
0.01854520424373697,0.21973098767768187
8.570114398350075e-05,0.5160241990085955
4.1415429115745645e-05,0.5560877473228261
0.0001382725732458681,0.4896676540535642
2.6272571773868085e-05,0.5811572052629301
0.0074857012412406455,0.26972250751068033
0.0036285583334039096,0.3096267317928633
0.0009142725834447254,0.3855853892345859
0.0008857011544977867,0.3873348806406564
0.0003028440039802355,0.44646918902257315
8.440000110925716e-07,0.769789111952275
8.440000110925716e-07,0.769789111952275
0.00039998686239982735,0.43113897524425293
6.570114372064361e-05,0.5306655994341977
3.9986857668398704e-05,0.5580214317160926
4.284400056309258e-05,0.5542196243301487
1.141542872145992e-05,0.6270541216710861
0.00041998686266268446,0.4284504249273425
0.0051428440675916655,0.29040800038144465
2.2725714584395106e-06,0.7157411528213727
0.003714272620244726,0.3083401904593448
2.5582857479088987e-06,0.709250795118517
1.6725714505537964e-06,0.732519831972618
1.1701143010929308e-05,0.6256934512873037
4.8440000636640014e-06,0.6742050470784314
2.3011428873864496e-06,0.715056617922843
2.9714286104816333e-08,0.934866993745668
1.0440000137211431e-06,0.7582325982648764
1.3011428742435919e-06,0.7462350870563241
1.0725714426680818e-06,0.7567630618252128
4.4400000583542867e-07,0.8044281839716582
8.440000110925716e-07,0.769789111952275
6.154285795170615e-07,0.7868799978916371
3.129714326847674e-06,0.6981929667413505
1.1011428716150206e-06,0.755331699512947
4.1542857688848984e-07,0.8079845372738281
2.7257143215379595e-07,0.8303274287860319
1.6440000216068574e-06,0.7334618096233981
1.0114285847216329e-07,0.8808190346147654
1.2971428741910208e-07,0.8685228541075849
7.129714379419104e-06,0.6529533664854584
2.815428608431348e-06,0.7039987895456765
3.5828571899461234e-07,0.8158700163467038
2.101142884757878e-06,0.7200371729433235
9.011428689864493e-07,0.7662327586501052
2.8440000373782864e-06,0.7034449723141921
7.9986858194113e-05,0.5198260063945396
0.00010284400135166403,0.5059774880035711
2.8558286089623186e-05,0.5765625158423524
0.00011141543003574565,0.5015667865692673
0.000314272575559011,0.444428053797671
0.0016571297360651336,0.3528144402078789
2.0558285984480328e-05,0.5946645191538579
4.272571484725225e-06,0.6811020808019884
1.4272571616153799e-05,0.6147579411639055
1.4272571616153799e-05,0.6147579411639055
0.00039427257661043955,0.43193185727888667
0.0009428440123916643,0.38388973696391415
0.0008571297255508479,0.3891417425367558
0.0048571297781222775,0.2935576776629122
0.0017999868807998276,0.34825776689829224
0.0013999868755426846,0.36210628528926075
0.00174284402290595,0.35003548076372154
0.002257129743950848,0.33578692903190926
1.7297143084476736e-06,0.7306828501792407
4.312971485256197e-05,0.5538534811179641
1.5129714484561962e-05,0.611547070815966
1.0154285847742044e-06,0.7597424009472507
3.9868571952558376e-06,0.6849038881879325
3.129714326847674e-06,0.6981929667413505
1.3582857321374695e-06,0.7438898671379014
0.028571415804081464,0.19591514642683314
5.998685793125585e-05,0.5356785402038888
9.582857268803267e-07,0.7628920782287167
3.9868571952558376e-06,0.6849038881879325
0.0030857011834120726,0.31855671469797453
1.4272571616153799e-05,0.6147579411639055
0.00034570114740064363,0.4391760482248306
0.00030855828976962324,0.44543917116981424
0.03302855871980392,0.18792690178404403
0.0001314154302986028,0.4924701741126447
3.9986857668398704e-05,0.5580214317160926
0.00048570114924064366,0.42044013413475195
0.00022570114582350076,0.46266938550374903
0.0001828440024030926,0.47427242038487255
3.712971477370483e-05,0.5621051034030243
0.0002628440034545212,0.45427474879109037
4.570114345778646e-05,0.5506632710279786
0.00021398685995525587,0.4656061146726841
3.1415428984317067e-05,0.5713105102695107
0.00011141543003574565,0.5015667865692673
0.00019141543108717424,0.4717481156461808
0.00017712971661370484,0.47602191179094316
3.70114290578645e-06,0.688987559874864
9.986857274112982e-06,0.6344122823591988
2.6285714631183683e-08,0.9394616831662456
2.300285744518041e-07,0.8392116634621315
1.0597142996419594e-07,0.8785387153133567
5.837142933859593e-07,0.7897328536015619
1.3046857314330125e-05,0.619701127258023
1.3349714461167678e-05,0.618437866664224
0.0003766325763785996,0.4344540282627019
8.61542868465992e-06,0.6425405122682507
1.2458285878023185e-05,0.622242198819392
0.00022177257434329668,0.4636369248975852
2.4304000319424e-05,0.5854467505184522
0.0010615154425227744,0.3773570931601859
0.0003356725758402682,0.44079817274082156
0.0008857011544977867,0.3873348806406564
0.0070285583780896254,0.27319479618831427
3.427257187901094e-05,0.5665158048373279
0.0045714154886528895,0.29689835808429915
9.712971556227627e-05,0.5091271652850373
1.9986857405541553e-05,0.5962168570376458
0.00014570114477207219,0.4867842737728335
5.998685793125585e-05,0.5356785402038888
0.0007285582952896234,0.39809724262254687
1.4272571616153799e-05,0.6147579411639055
3.5828571899461234e-07,0.8158700163467038
2.1542857425991842e-07,0.8426236092932124
1.0114285847216329e-07,0.8808190346147654
6.27257151101094e-06,0.6599975414197974
9.844000129378288e-06,0.6352051643938337
9.10114297675788e-06,0.639522772900271
2.1868571715986943e-06,0.717847307936645
7.729714387304819e-06,0.6485087651111765
1.3815428753002778e-05,0.616550110525404
3.529714332104817e-06,0.6915913994130684
9.501142982015021e-06,0.6371559645973628
2.312971458970482e-05,0.5881741614510033
0.0001685582879296232,0.4787549190289384
1.844000024235429e-06,0.7271829851964172
4.4400000583542867e-07,0.8044281839716582
3.5828571899461234e-07,0.8158700163467038
2.815428608431348e-06,0.7039987895456765
4.4400000583542867e-07,0.8044281839716582
1.7297143084476736e-06,0.7306828501792407
5.828571505175512e-08,0.9067182794291381
9.257142978808165e-08,0.8851150547367161
1.0114285847216329e-07,0.8808190346147654
3.297142900476735e-07,0.8202807177810074
1.6440000216068574e-06,0.7334618096233981
4.570114345778646e-05,0.5506632710279786
2.3415428879174208e-05,0.5874980259657505
1.2272571589868084e-05,0.6230689385728313
4.855828635248034e-05,0.5473225906065917
1.986857168970123e-06,0.7230993135094854
1.558285734766041e-06,0.7363883920629047
3.5828571899461234e-07,0.8158700163467038
3.129714326847674e-06,0.6981929667413505
1.1986857300398696e-05,0.6243655713541756
1.2440000163497146e-06,0.7486845725700841
9.986857274112982e-06,0.6344122823591988
2.570114319492931e-05,0.5823683386466773
2.027257169501094e-05,0.5954352219365533
0.0002742725750332967,0.45192952887266885
1.7415428800317064e-05,0.603800393707401
1.3986857326684411e-05,0.6158711982329402
1.141542872145992e-05,0.6270541216710861
1.6725714505537964e-06,0.732519831972618
7.986857247827267e-06,0.6467084628663793
3.129714326847674e-06,0.6981929667413505
5.011428637293062e-07,0.7979378262688037
2.5582857479088987e-06,0.709250795118517
0.00010855828714105178,0.5029981488815333
0.0001245582873513375,0.49542289920340093
0.000163986859298113,0.48026991068920544
0.003028558325518195,0.31958673255073344
0.0056571297886365635,0.28515599480860426
0.000971415441338603,0.3822447088131976
0.0020571297413222766,0.34089960621017834
0.0019142725965875826,0.34486565917434103
0.0021714154571100316,0.33792026708814055
0.010057129846465136,0.25345092718990575
0.010942844143820237,0.24879990984616915
0.011514272722759013,0.24599501172948857
0.011371415578024319,0.24668296511808938
0.011257129862236563,0.24723957945374497
0.006657129801779421,0.27618658123941636
0.007114272664930441,0.27252685648662633
0.005057129780750849,0.2913341457233406
0.005342844070220237,0.2883056720900704
0.0069714155201957475,0.27364463012061546
0.0002499868604283987,0.4570382200586267
0.0002828440037173783,0.4502338766019971
0.0009542725839704398,0.383225821093015
5.7011429320721645e-06,0.665249546992639
0.00048570114924064366,0.42044013413475195
6.398685798382728e-05,0.5321221869017203
2.7701143221215023e-05,0.5782409506935129
2.455828603705176e-05,0.5848735132512782
0.00015798685921925585,0.4823237266990424
6.284400082594972e-05,0.5331150849479577
1.9986857405541553e-05,0.5962168570376458
2.2844000300235433e-05,0.5888586963495329
0.00012855828740390894,0.4936813074963918
3.427257187901094e-05,0.5665158048373279
8.558285826766042e-06,0.6429066554804354
9.998685845697014e-05,0.507529825887359
8.570114398350075e-05,0.5160241990085955
0.00017141543082431707,0.47782877368704246
0.00014855828766676606,0.48571425275991814
1.770114308978645e-05,0.6029043682627829
2.570114319492931e-05,0.5823683386466773
5.712971503656197e-05,0.5383670905207993
8.558285826766042e-06,0.6429066554804354
1.7129714510847676e-05,0.6047112301588823
1.141542872145992e-05,0.6270541216710861
2.2844000300235433e-05,0.5888586963495329
5.712971503656197e-05,0.5383670905207993
2.8558286089623186e-05,0.5765625158423524
7.986857247827267e-06,0.6467084628663793
2.8558286089623186e-05,0.5765625158423524
5.7011429320721645e-06,0.665249546992639
4.855828635248034e-05,0.5473225906065917
1.0558285853051758e-05,0.631350141793038
4.284400056309258e-05,0.5542196243301487
1.9986857405541553e-05,0.5962168570376458
1.3415428747745636e-05,0.6181675451098465
2.7257143215379595e-07,0.8303274287860319
4.284400056309258e-05,0.5542196243301487
1.141542872145992e-05,0.6270541216710861
2.8558286089623186e-05,0.5765625158423524
2.8558286089623186e-05,0.5765625158423524
2.2844000300235433e-05,0.5888586963495329
4.855828635248034e-05,0.5473225906065917
3.1415428984317067e-05,0.5713105102695107
3.1415428984317067e-05,0.5713105102695107
5.415428642602777e-06,0.6680760306749262
2.5582857479088987e-06,0.709250795118517
1.558285734766041e-06,0.7363883920629047
3.70114290578645e-06,0.688987559874864
3.427257187901094e-05,0.5665158048373279
1.4272571616153799e-05,0.6147579411639055
1.1297143005619595e-06,0.7539365781429257
6.844000089949716e-06,0.6552028359876146
8.272571537296654e-06,0.6447747784731115
3.70114290578645e-06,0.688987559874864
4.284400056309258e-05,0.5542196243301487
3.129714326847674e-06,0.6981929667413505
6.558285800480328e-06,0.6575480559060375
2.82725718001538e-05,0.5771163330738368
2.2844000300235433e-05,0.5888586963495329
1.6272571642439513e-05,0.6075377138411693
1.9986857405541553e-05,0.5962168570376458
0.00014141543043003137,0.4884293019235501
0.000642844008448807,0.4049942763461051
4.758285776823185e-06,0.6751861593582477
2.5011428900150213e-06,0.7104891472485312
1.2725714452966531e-06,0.7474462204400713
1.186857158455837e-06,0.7512480278260153
8.725714400395105e-07,0.7679822500561757
6.72571437410939e-07,0.7820852924594545
0.00013312971603541914,0.49175606886154277
0.0028571297518365625,0.3227976028986729
0.00014427257332472526,0.4873271781711913
0.00010455828708848035,0.5050666515520912
1.2272571589868084e-05,0.6230689385728313
1.5986857352970125e-05,0.6085130375448263
3.2272571852725226e-05,0.5698277925474744
0.00040255829100505183,0.43078586676913583
3.2272571852725226e-05,0.5698277925474744
0.00029427257529615386,0.4480512407656397
1.6272571642439513e-05,0.6075377138411693
3.398685758954156e-05,0.5669769318018849
0.0007325582953421948,0.3977955363898702
1.5701143063500737e-05,0.609505935591065
1.3129714458276248e-05,0.6193526305844844
0.0003354154329797457,0.4408404000966507
3.427257187901094e-05,0.5665158048373279
6.255828653648034e-05,0.5333661302600569
5.7701143615500746e-05,0.537818783999925
8.627257256243953e-05,0.5156580557964109
3.170114327378645e-05,0.5708118249592798
5.912971506284769e-05,0.5364714222385226
8.558285826766042e-06,0.6429066554804354
6.558285800480328e-06,0.6575480559060375
1.5701143063500737e-05,0.609505935591065
1.1129714431990533e-05,0.6284492430411072
1.5129714484561962e-05,0.611547070815966
3.129714326847674e-06,0.6981929667413505
1.844000024235429e-06,0.7271829851964172
7.701142958357879e-06,0.6487124782847602
0.0003308440043482355,0.4415965608566471
3.198685756325584e-05,0.5703176122232733
3.084400040537829e-05,0.5723216276416541
7.484400098366401e-05,0.523487420454361
1.986857168970123e-06,0.7230993135094854
3.970114337892932e-05,0.558416446674284
3.5701143326357885e-05,0.5642663353351718
0.00032512971855884774,0.44255659124857455
3.1415428984317067e-05,0.5713105102695107
2.1986857431827266e-05,0.5909648514648054
0.010714272712244727,0.24996310555773552
9.701142984643595e-06,0.6360096217568771
7.701142958357879e-06,0.6487124782847602
1.4272571616153799e-05,0.6147579411639055
0.00014284400187737832,0.48787548469206576
5.868571505701227e-07,0.7894434531475685
1.5297143058191023e-06,0.7373995094350467
8.154285821456328e-07,0.7716572349449513
3.415428616317062e-06,0.6933982613091676
2.8440000373782864e-06,0.7034449723141921
2.8440000373782864e-06,0.7034449723141921
1.2154285874027757e-06,0.7499513950446709
1.5868571637129798e-06,0.7353954940166659
2.5868571768558373e-06,0.7086419010701586
7.741542958888851e-05,0.5216263086393368
3.827257193158238e-05,0.5604351467964674
6.427257227329667e-05,0.5318767328179449
4.512971487884768e-05,0.5513564166540357
1.804400023714972e-05,0.6018480224827681
0.0001897011453503579,0.4722438102994035
4.398685772097013e-05,0.5527694261432523
0.00021370114566578649,0.4656797343906438
0.00013055828743019463,0.49283072731192773
1.141542872145992e-05,0.6270541216710861
1.4844000195092574e-05,0.6125967092317579
3.512971474741911e-05,0.5651551344535468
5.1129714957704826e-05,0.5444799021452738
3.5415429036888494e-05,0.5647089429412285
0.00019112971679770483,0.47183042238395734
3.415428616317062e-06,0.6933982613091676
6.558285800480328e-06,0.6575480559060375
2.2272571721296654e-05,0.5902538177195542
1.7011428795007349e-06,0.731593686630722
1.027257156358237e-05,0.6328599444754108
1.027257156358237e-05,0.6328599444754108
2.5415428905459922e-05,0.5829840361212697
0.0006588440086590928,0.40363957965745584
0.0002688440035333783,0.45303107282640825
0.0005208440068453783,0.41659080623646105
0.00018484400242937832,0.4736729887475776
9.341542979917422e-05,0.5112754330127502
6.170114366807217e-05,0.534126202320101
9.027257261501096e-05,0.5131609913324827
0.000253129717612562,0.4563497978650657
0.001434272590279011,0.36077305048020336
0.00029427257529615386,0.4480512407656397
0.0003628440047688069,0.4365091882647031
0.00221427260053044,0.33684327481192283
3.5701143326357885e-05,0.5642663353351718
1.5129714484561962e-05,0.611547070815966
8.440000110925716e-07,0.769789111952275
2.7257143215379595e-07,0.8303274287860319
6.255828653648034e-05,0.5333661302600569
1.5701143063500737e-05,0.609505935591065
2.8440000373782864e-06,0.7034449723141921
1.5129714484561962e-05,0.611547070815966
7.129714379419104e-06,0.6529533664854584
3.129714326847674e-06,0.6981929667413505
1.7011428795007349e-06,0.731593686630722
0.000971415441338603,0.3822447088131976
3.198685756325584e-05,0.5703176122232733
0.0003537011475057865,0.4379154362073414
3.415428616317062e-06,0.6933982613091676
6.255828653648034e-05,0.5333661302600569
6.34154294048885e-05,0.5326163996377269
0.00026141543200717426,0.4545750457233575
0.0010028440131802357,0.38049015290175375
4.827257206301095e-05,0.5476476909636974
0.0007571297242365622,0.39597758319383963
0.0003094154326380314,0.44528631573006344
0.0004725582919250518,0.42195173764232474
8.398685824668443e-05,0.5171374560776291
0.0004802725777407253,0.42105947378857667
0.0,1.0
2.4400000320685717e-07,0.8361332515903567
0.002345701173686358,0.3336659535369808
0.0017057011652749296,0.3512225300777254
0.001837129738430848,0.347132265778392
0.0010914154429157458,0.37582643006201494
0.0022257011721092154,0.3365595967043594
0.0022742726013190114,0.33536999626837616
0.0018914154534300316,0.345527581255868
0.001248558302123909,0.36841420132309194
0.001294272588439011,0.3664327078123675
0.0011028440144945214,0.37525242121856434
0.0018971297392194194,0.3453613538275637
0.0026914154639443174,0.3260900880955389
0.002559986890788399,0.3288488797867731
0.0019628440257973786,0.34348493261174123
0.0024085583173696235,0.33220878243276014
0.001954272597113297,0.34372608989246534
0.0007485582955524806,0.3966049639825213
0.001837129738430848,0.347132265778392
0.0010142725847590113,0.37986573431442816
0.0012199868731769703,0.3696898219590162
0.0006257011510806438,0.4064836737882171
4.400000057828573e-08,0.9190144599363187
7.25714295252245e-08,0.8966715684241148
4.400000057828573e-08,0.9190144599363187
7.25714295252245e-08,0.8966715684241148
4.400000057828573e-08,0.9190144599363187
1.0844000142521145e-05,0.6298806053533731
1.8685714531297961e-07,0.8499817699813251
0.008399986967542687,0.2633725431339496
0.01579998706479983,0.22855881375536288
0.011257129862236563,0.24723957945374497
0.002345701173686358,0.3336659535369808
0.009885701272783503,0.2543983032585888
0.0022799868871083992,0.3352317167712301
0.009285701264897788,0.2578485846306124
0.002562844033683093,0.32878741368927306
0.0037714154781386035,0.3074988863208081
0.0004057011481892151,0.43035734014316046
0.017257129941093706,0.22369771753117834
0.0024971297471051337,0.3302187760015389
0.004628558346546767,0.2962138231857708
1.284400016880686e-05,0.6205637639682315
5.7011429320721645e-06,0.665249546992639
1.3868571610844085e-06,0.74275365470478
6.72571437410939e-07,0.7820852924594545
2.2272571721296654e-05,0.5902538177195542
2.2272571721296654e-05,0.5902538177195542
0.00011427257293043953,0.5001716651992463
4.7986857773541565e-05,0.5479747207110696
2.4844000326521147e-05,0.5842364616393547
1.141542872145992e-05,0.6270541216710861
0.00011066400145444116,0.5019396463278702
9.452571552805227e-06,0.6374379986201814
7.403257240157096e-05,0.5240879957291221
8.582400112797259e-05,0.5159452726563134
2.101828599052604e-05,0.5934458992745221
2.1909714573670536e-05,0.591158414074395
0.0001540382877387889,0.4837183370652607
5.475542929107136e-05,0.5407056024917853
1.338114303300931e-05,0.618308416982128
2.294685744444441e-05,0.5886112830347855
5.7646857900501564e-05,0.5378706392160162
1.7675428803734205e-05,0.6029844165629153
1.444000018978286e-06,0.740549186716513
7.25714295252245e-08,0.8966715684241148
1.0114285847216329e-07,0.8808190346147654
4.400000057828573e-08,0.9190144599363187
4.400000057828573e-08,0.9190144599363187
7.25714295252245e-08,0.8966715684241148
1.0114285847216329e-07,0.8808190346147654
4.400000057828573e-08,0.9190144599363187
4.400000057828573e-08,0.9190144599363187
1.0114285847216329e-07,0.8808190346147654
7.25714295252245e-08,0.8966715684241148
2.4400000320685717e-07,0.8361332515903567
4.400000057828573e-08,0.9190144599363187
4.400000057828573e-08,0.9190144599363187
1.5428571631346944e-08,0.9572098852578717
2.75828575053747e-06,0.7051234071653526
4.400000057828573e-08,0.9190144599363187
7.25714295252245e-08,0.8966715684241148
4.400000057828573e-08,0.9190144599363187
4.400000057828573e-08,0.9190144599363187
1.5428571631346944e-08,0.9572098852578717
7.25714295252245e-08,0.8966715684241148
1.0114285847216329e-07,0.8808190346147654
1.2971428741910208e-07,0.8685228541075849
1.0114285847216329e-07,0.8808190346147654
1.8685714531297961e-07,0.8499817699813251
4.1542857688848984e-07,0.8079845372738281
3.8685714794155106e-07,0.8117863446597722
1.6154285926599187e-06,0.7344201703130091
0.0005342725784504396,0.4151881285619102
0.00048570114924064366,0.42044013413475195
0.001342844017648807,0.364402632166167
0.0011714154439671743,0.37192853834362416
0.001485701162383501,0.3588317962880784
0.10165427390745618,0.12597833102908587
0.1677685604906725,0.09837062272745133
0.007611415528607176,0.2688047756890241
0.005259986926274114,0.2891669271161167
0.015714272777959015,0.2288585661755458
0.004728558347861053,0.29503597542713433
0.017365701371092074,0.2233521205366061
0.13779998866822843,0.10921417368457349
0.014625701335080645,0.23281445156803723
0.01745141565793289,0.22308080363843066
0.002648558320523909,0.32697460709812476
8.440000110925716e-07,0.769789111952275
0.0001222725730355824,0.4964433793061245
1.7415428800317064e-05,0.603800393707401
1.3701143037215024e-05,0.6170074106660616
1.4154285900313472e-06,0.7416403976357452
1.770114308978645e-05,0.6029043682627829
4.741542919460279e-05,0.5486346609425109
2.8440000373782864e-06,0.7034449723141921
2.0558285984480328e-05,0.5946645191538579
0.0002662725749281538,0.45356064353998976
0.0017199868797483989,0.35076294150289333
0.00027055828927019466,0.4526808321301883
1.541542877403135e-05,0.6105170529632071
0.000691415437658603,0.40098062290327746
5.582857216231837e-07,0.7921320034644789
1.3986857326684411e-05,0.6158711982329402
0.00029427257529615386,0.4480512407656397
1.986857168970123e-06,0.7230993135094854
4.2558286273623196e-05,0.5545882166790123
0.0002108440027710926,0.4664213922982369
0.0004028440052945212,0.43074677180424986
5.415428642602777e-06,0.6680760306749262
3.70114290578645e-06,0.688987559874864
7.701142958357879e-06,0.6487124782847602
